{
  "answers": {
    "phase": "deployment",
    "action": "container structuring",
    "scope": "messaging deployment",
    "action experience": 2,
    "prog lang": "python",
    "other prog lang": "<fill in>",
    "aimodel": "gemini",
    "aimodel version": "<fill in>",
    "lmstudio-hosted aimodel": "<fill-in>",
    "tool option": "online free",
    "experience with tool": 2,
    "time allocated (h)": "0.5",
    "time saved estimate (h)": "1",
    "quality of ai help": 5,
    "knowledge acquired": 5,
    "generic feeling - now": 5,
    "generic feeling - future": 5,
    "threat level": 4,
    "notes": "<fill in>"
  }
}
