{
  "answers": {
    "phase": "deployment",
    "action": "container structuring",
    "scope": "container configuration",
    "action experience": 1,
    "prog lang": "n/a",
    "other prog lang": "<fill in>",
    "aimodel": "gemini",
    "aimodel version": "<fill in>",
    "lmstudio-hosted aimodel": "<fill-in>",
    "tool option": "online free",
    "experience with tool": 3,
    "time allocated (h)": "0.5",
    "time saved estimate (h)": "1",
    "quality of ai help": 4,
    "knowledge acquired": 3,
    "generic feeling - now": 4,
    "generic feeling - future": 5,
    "threat level": 4,
    "notes": "<fill in>"
  }
}
