{
  "answers": {
    "phase": "deployment",
    "action": "container structuring",
    "scope": "container configuration",
    "action experience": 2,
    "prog lang": "n/a",
    "other prog lang": "<fill in>",
    "aimodel": "chatgpt",
    "aimodel version": "4",
    "lmstudio-hosted aimodel": "<fill-in>",
    "tool option": "online full",
    "experience with tool": 5,
    "time allocated (h)": "1",
    "time saved estimate (h)": "2",
    "quality of ai help": 3,
    "knowledge acquired": 2,
    "generic feeling - now": 3,
    "generic feeling - future": 4,
    "threat level": 3,
    "notes": "<fill in>"
  }
}
