{
  "answers": {
    "phase": "coding",
    "action": "source code authoring",
    "scope": "backend",
    "action experience": 3,
    "prog lang": "js-node",
    "other prog lang": "<fill in>",
    "aimodel": "chatgpt",
    "aimodel version": "4",
    "lmstudio-hosted aimodel": "<fill-in>",
    "tool option": "online full",
    "experience with tool": 5,
    "time allocated (h)": "1",
    "time saved estimate (h)": "2",
    "quality of ai help": 3,
    "knowledge acquired": 5,
    "generic feeling - now": 4,
    "generic feeling - future": 5,
    "threat level": 3,
    "notes": "<fill in>"
  }
}
