{
  "answers": {
      "phase": ["architecture"],
      "action": ["microservices definition"],
      "scope": ["frontend"],
      "action experience": [ 1 ],
      "prog lang": ["js"],
      "other prog lang": "<fill in>",
      "aimodel": ["chatgpt"],
      "aimodel version": "<gemini>",
      "lmstudio-hosted aimodel": "<fill-in>",
      "tool option": ["online free"],
      "experience with tool": [ 4],
      "time allocated (h)": "<fill in>",
      "time saved estimate (h)": "<fill in>", 
      "quality of ai help": [3],
      "knowledge acquired": [3],
      "generic feeling - now": [3],
      "generic feeling - future": [3],
      "threat level": [3],
      "notes": "<fill in>"
  }
}