{
  "answers": {
    "phase": "design",
    "action": "choreography design",
    "scope": "messaging design",
    "action experience": 1,
    "prog lang": "n/a",
    "other prog lang": "<fill in>",
    "aimodel": "chatgpt",
    "aimodel version": "4",
    "lmstudio-hosted aimodel": "<fill-in>",
    "tool option": "online full",
    "experience with tool": 5,
    "time allocated (h)": "0.5",
    "time saved estimate (h)": "1",
    "quality of ai help": 3,
    "knowledge acquired": 3,
    "generic feeling - now": 3,
    "generic feeling - future": 3,
    "threat level": 2,
    "notes": "<fill in>"
  }
}
