{
    "answers": {
        "phase": "deployment",
        "action": "container structuring",
        "scope": "container configuration",
        "action experience": 1,
        "prog lang": "yaml/json",
        "other prog lang": "<fill in>",
        "aimodel": "chatgpt",
        "aimodel version": "3.5",
        "lmstudio-hosted aimodel": "<fill in>",
        "tool option": "online free",
        "experience with tool": 5,
        "time allocated (h)": "1",
        "time saved estimate (h)": 3, 
        "quality of ai help": 4,
        "knowledge acquired": 3,
        "generic feeling - now": 4,
        "generic feeling - future": 5,
        "threat level": 3,
        "notes": "<fill-in>"
    }
}
