{
  "answers": {
    "phase": "architecture",
    "action": "microservices definition",
    "scope": "uml deployment",
    "action experience": 1,
    "prog lang": "n/a",
    "other prog lang": "<fill in>",
    "aimodel": "chatgpt",
    "aimodel version": "3.5",
    "lmstudio-hosted aimodel": "<fill in>",
    "tool option": "online free",
    "experience with tool": 5,
    "time allocated (h)": "1",
    "time saved estimate (h)": 2,
    "quality of ai help": 4,
    "knowledge acquired": 3,
    "generic feeling - now": 4,
    "generic feeling - future": 5,
    "threat level": 2,
    "notes": "<fill-in>"
  }
}
