{
  "answers": {
    "phase": "coding",
    "action": "source code authoring",
    "scope": "frontend",
    "action experience": 5,
    "prog lang": "js",
    "other prog lang": "<fill in>",
    "aimodel": "gemini",
    "aimodel version": "<fill in>",
    "lmstudio-hosted aimodel": "<fill-in>",
    "tool option": "online free",
    "experience with tool": 3,
    "time allocated (h)": "1",
    "time saved estimate (h)": "1",
    "quality of ai help": 3,
    "knowledge acquired": 2,
    "generic feeling - now": 3,
    "generic feeling - future": 4,
    "threat level": 3,
    "notes": "<fill in>"
  }
}
