{
  "answers": {
    "phase": "design",
    "action": "api design",
    "scope": "api",
    "action experience": 4,
    "prog lang": "other",
    "other prog lang": "typescript-node",
    "aimodel": "chatgpt",
    "aimodel version": "3.5",
    "lmstudio-hosted aimodel": "<fill-in>",
    "tool option": "online free",
    "experience with tool": 4,
    "time allocated (h)": "0.1",
    "time saved estimate (h)": 0.3,
    "quality of ai help": 5,
    "knowledge acquired": 2,
    "generic feeling - now": 4,
    "generic feeling - future": 5,
    "threat level": 3,
    "notes": "<fill-in>"
  }
}